home,prices,nudged,higher,november,pace,growth,slowed,rising,mortgage,rates,pushed,prospective,buyers,housing,market,late,last,year,,,,,,,,,,
home,prices,going,across,country,aggregate,looking,individual,markets,however,showing,prices,fallen,year,,,,,,,,,,,,,,,
google,fiber,launching,gbps,internet,plan,began,testing,october,service,initially,cover,four,cities,google,says,month,service,expand,areas,later,year,plan,available,today,kansas,city,,
property,asking,prices,rose,february,weakest,gain,record,rightmove,reports,sellers,realistic,property,worth,loss,nearly,retail,jobs,brutal,start,report,says,demand,,,,,,
steps,change,unfair,landscape,include,ending,right,taxing,residential,property,today,prices,building,vital,social,housing,housing,policy,killing,british,civilisation,said,interlocutor,right,social,catastrophe,,,
federal,reserve,policy,based,trust,central,bank,ability,maintain,stable,prices,depends,public,confidence,deliver,year,interest,rate,hikes,attempts,cool,economy,prices,still,rising,,,,
single,family,home,price,growth,cooled,november,surveys,showed,tuesday,together,declining,mortgage,rates,could,help,slow,housing,market,slide,deeper,recession,,,,,,,
dave,liniger,founded,remax,brokerage,real,estate,agents,expects,housing,market,cool,,,,,,,,,,,,,,,,,
housing,market,veteran,jeff,taylor,told,insider,expects,trading,volume,real,estate,sector,track,fall,year,,,,,,,,,,,,,
mortgage,rates,slipped,softer,rate,hike,week,sign,conditions,housing,market,easing,slightly,,,,,,,,,,,,,,,,
time,start,worrying,rolling,recessions,tech,housing,spread,parts,economy,,,,,,,,,,,,,,,,,,,
insider,phil,rosen,explains,latest,housing,lumber,data,suggest,home,market,,,,,,,,,,,,,,,,,,
housebuilder,reports,modest,uplift,reservations,homes,january,remains,cautiousbritain,largest,housebuilder,barratt,developments,reported,grounds,optimism,housing,market,increase,sales,january,,,,,,,,
vail,colorado,expensive,housing,burdening,people,small,business,owners,teachers,solutions,dwindle,,,,,,,,,,,,,,,,,
homes,lost,value,marking,largest,june,december,drop,percentage,terms,since,according,redfin,,,,,,,,,,,,,,,,
british,house,prices,dropped,bigger,expected,january,peak,august,following,surge,borrowing,costs,broader,inflation,pressures,mortgage,lender,nationwide,building,society,said,wednesday,,,,,,
home,depot,expects,flat,sales,slimmer,profits,year,rising,prices,higher,borrowing,costs,portfolio,pain,erode,demand,,,,,,,,,,,,
typical,francisco,homeowner,still,paying,month,homes,even,mortgage,rates,peaked,october,,,,,,,,,,,,,,,,,
argentina,government,desperately,trying,tame,soaring,prices,economists,expect,year,year,inflation,near,much,,,,,,,,,,,,,,,
property,market,defied,gravity,years,analysts,rising,mortgage,rates,mirror,price,crashbritain,estate,agents,normally,radiate,optimism,watching,anxiously,noon,next,thursday,bank,england,expect,,,,
pandemic,boom,town,phoenix,poster,child,housing,downturn,numerous,indicators,point,peril,real,estate,market,,,,,,,,,,,,,,
region,popularity,seen,surge,sending,real,estate,prices,soaring,pushing,locals,,,,,,,,,,,,,,,,,,
small,midsize,rural,communities,biggest,increases,home,prices,first,years,pandemic,driven,town,buyers,,,,,,,,,,,,,,,
rolling,coverage,latest,economic,financial,news,housebuilder,barratt,says,economic,backdrop,clearly,challenging,households,suffer,blow,finances,year,says,report,charlie,huggins,head,equities,,,,,
homes,sitting,market,days,purchased,around,less,original,list,price,,,,,,,,,,,,,,,,,,,
least,million,people,plan,real,estate,markets,shown,significant,resilience,home,prices,decline,nationwide,,,,,,,,,,,,,,,
mortgage,rates,dropped,past,months,holding,steady,today,rates,likely,continue,fall,inflation,cools,,,,,,,,,,,,,,,
victor,zubriski,said,ditching,south,florida,surge,popularity,made,unlivable,housing,costs,pollution,,,,,,,,,,,,,,,,
homebuilders,january,momentum,proves,sustainable,many,lumber,suppliers,could,caught,flat,footed,raymond,james,said,,,,,,,,,,,,,,
even,rents,continue,climb,across,country,renting,still,cheaper,monthly,payments,purchased,home,largest,cities,december,according,report,realtor,renting,costs,nearly,less,month,buying,,,,
effect,prices,first,months,people,upset,jeremy,siegel,said,tuesday,inflation,report,,,,,,,,,,,,,,,,,
home,prices,declining,pandemic,melt,news,current,real,estate,investors,good,news,prospective,ones,,,,,,,,,,,,,,,
falling,mortgage,rates,provided,boost,housing,market,buyers,able,find,affordability,thanks,today,lower,rates,,,,,,,,,,,,,,
bizarre,rental,system,helping,,,,,,,,,,,,,,,,,,,,,,,,,
property,markets,around,world,faring,behind,global,slideacross,world,house,prices,breaking,records,time,fast,falling,houses,stockholm,selling,less,,,,,,,,,
experts,sounding,alarm,stocks,economy,rising,interest,rates,heap,pressure,asset,prices,demand,,,,,,,,,,,,,,,,
people,paying,month,rent,explore,options,could,help,housing,coststhe,cost,renting,home,soared,prompting,tenants,seek,cheaper,options,could,save,thousands,pounds,year,cost,,,,
interview,influencer,whose,misogynistic,views,gained,thousands,followers,plus,excrement,examined,know,watch,evening,continue,reading,,,,,,,,,,,,,
investors,bought,billion,phoenix,properties,backing,leaving,opportunities,regular,people,,,,,,,,,,,,,,,,,,,
mother,three,struggle,clarion,reflects,system,rigged,favour,asset,owners,renters,abandonedyou,read,grim,facts,chanel,sultan,life,minute,first,talk,dreams,like,degree,,,,,
dame,alison,rose,head,natwest,tells,bank,preventing,customers,investing,crypto,assets,part,crackdown,fraud,danny,blanchflower,former,bank,england,policy,maker,predicted,collapsing,house,prices,,,
gold,price,jumps,chair,powell,talks,disinflation,warns,early,declare,victory,kitco,news,federal,reserve,hikes,interest,rate,signals,come,news,stock,market,live,news,upda,,,
financial,markets,week,latched,federal,reserve,chair,jerome,powell,called,welcome,disinflation,betting,signals,central,bank,high,inflation,nearing,,,,,,,,,,
mortgage,rates,increased,last,weeks,remain,elevated,today,rates,decrease,later,year,inflation,slows,,,,,,,,,,,,,,,
none,,,,,,,,,,,,,,,,,,,,,,,,,,,,
tony,stanol,year,advertising,recruiter,said,many,newcomers,moving,florida,spoiled,pocket,paradise,,,,,,,,,,,,,,,,
annual,house,price,growth,slows,federal,reserve,expected,raise,rates,markets,wonder,whether,pausegood,morning,welcome,rolling,coverage,business,world,economy,financial,markets,,,,,,
mortgage,rates,holding,steady,today,increasing,past,weeks,enter,recession,later,year,rates,likely,fall,,,,,,,,,,,,,,
protections,impact,million,households,come,time,demand,rental,units,near,time,high,,,,,,,,,,,,,,,,,
stocks,inched,higher,wednesday,slate,positive,corporate,updates,although,mood,tempered,concerns,slowing,british,economy,upcoming,monetary,policy,decisions,,,,,,,,,,
sweden,banks,highly,exposed,commercial,real,estate,sector,makes,main,risk,financial,stability,central,bank,governor,erik,thedeen,told,parliament,finance,committee,regular,testimony,,,,,
blaming,housing,crisis,hedge,funds,private,equity,easy,dead,wrong,,,,,,,,,,,,,,,,,,,
think,improvement,attests,ongoing,desire,homeownership,exists,country,pultegroup,ryan,marshall,said,,,,,,,,,,,,,,,,,
homeless,charity,fight,rent,arrears,adds,property,funds,woes,including,rising,interest,rates,sceptical,investorsmatt,fearnley,charity,owes,almost,rent,landlord,bill,likely,keep,growing,unless,long,list,
tiny,home,craze,taking,golden,state,could,spread,across,america,lawmakers,ponder,benefits,accessory,dwelling,units,,,,,,,,,,,,,
none,,,,,,,,,,,,,,,,,,,,,,,,,,,,
none,,,,,,,,,,,,,,,,,,,,,,,,,,,,
government,plans,upgrade,energy,efficiency,homes,help,fuel,poor,households,campaign,group,claimsgreenpeace,threatening,take,legal,action,government,emerged,target,lift,millions,struggling,househ,,,,,
google,fiber,launching,gbps,internet,plan,began,testing,october,engadget,reports,service,initially,cover,four,cities,google,says,month,service,expand,areas,later,year,plan,available,,,
none,,,,,,,,,,,,,,,,,,,,,,,,,,,,
reading,time,minutes,,,,,,,,,,,,,,,,,,,,,,,,,,
bank,england,poised,raise,interest,rates,time,thursday,keep,fight,rampant,inflation,might,also,drop,hint,steep,climb,borrowing,costs,,,,,,,,,
demand,homes,gone,throughout,country,particularly,certain,places,seattle,tampa,florida,,,,,,,,,,,,,,,,,,
francisco,york,slumping,pandemic,boom,fizzles,migration,florida,boosted,miami,,,,,,,,,,,,,,,,,,,
mortgage,rates,continuing,hold,steady,today,inching,earlier,week,rates,still,relatively,compared,recent,highs,,,,,,,,,,,,,,
mortgage,rates,rising,month,today,rates,likely,stay,high,waits,signs,slowing,inflation,,,,,,,,,,,,,,,,
mortgage,rates,spiked,stubbornly,high,inflation,rates,remain,elevated,today,likely,drop,inflation,cools,throughout,,,,,,,,,,,,,,
markets,rallied,year,investors,believe,inflation,continue,ease,economy,avoid,recession,could,tears,,,,,,,,,,,,,,,,
mortgage,rates,today,dropping,steadily,past,four,weeks,rates,likely,continue,fall,throughout,,,,,,,,,,,,,,,,
mortgage,rates,trended,month,holding,steady,today,inflation,eases,rates,likely,continue,fall,,,,,,,,,,,,,,,,
seeing,need,company,added,line,item,stock,drives,,,,,,,,,,,,,,,,,,,,,
atlantic,writers,explain,lack,housing,makes,everything,worse,,,,,,,,,,,,,,,,,,,,,
mortgage,rates,dropping,past,weeks,holding,steady,today,markets,await,another,likely,rate,hike,,,,,,,,,,,,,,,
mortgage,rates,trended,week,remain,today,currently,rates,around,basis,points,lower,started,week,,,,,,,,,,,,,,,
mortgage,rates,increased,slightly,week,response,strong,economic,data,rates,still,relatively,compared,recent,peaks,,,,,,,,,,,,,,
none,,,,,,,,,,,,,,,,,,,,,,,,,,,,
none,,,,,,,,,,,,,,,,,,,,,,,,,,,,
conflict,came,reliance,says,energy,climate,intelligence,unitthe,reliance,blamed,pushing,bills,emerged,energy,crisis,stemming,ukraine,cost,equivalent,,,,,,,,,,
amid,debate,happening,housing,market,options,grip,mortgage,price,according,experts,probably,feel,like,staring,barrel,much,higher,monthly,payments,,,,,,,,,
home,buyers,paying,excessive,prices,ignoring,flood,risk,costs,insurance,repairs,study,finds,,,,,,,,,,,,,,,,
national,association,realtors,said,tuesday,existing,home,sales,fell,seasonally,adjusted,annual,rate,million,properties,last,month,,,,,,,,,,,,
forced,installation,costly,prepayment,meters,must,stopped,give,income,consumers,proper,safety,insteadthe,poverty,premium,term,coined,decades,describe,grim,reality,people,living,edge,often,paying,,,
buzzfeed,jonah,perett,reportedly,told,staff,would,openai,tech,boost,quizzes,personalize,content,,,,,,,,,,,,,,,,
rolling,coverage,latest,economic,financial,news,treasury,committee,prepares,quiz,officials,morning,property,demand,declines,house,prices,england,fall,sunak,expand,free,childcare,tackle,workforce,,,,
inflation,print,would,likely,pull,yields,lower,along,dollar,boost,risk,assets,jpmorgan,said,,,,,,,,,,,,,,,
rich,people,keep,getting,richer,poor,keep,getting,poorer,simone,parent,lives,disability,social,security,snap,,,,,,,,,,,,,
region,popularity,seen,surge,sending,real,estate,prices,soaring,pushing,locals,outlate,last,year,lake,tahoe,earned,spot,exclusive,travel,guide,mountain,destination,famed,cobalt,blue,waters,olympic,quality
insider,phil,rosen,breaks,stocks,could,stage,rally,meaning,bullish,bond,market,metric,,,,,,,,,,,,,,,,
bringing,long,island,rail,road,manhattan,east,side,expensive,slow,major,infrastructure,projects,face,similar,risks,,,,,,,,,,,,,
signs,tanking,inflation,everywhere,finally,starting,acknowledge,fundstrat,said,,,,,,,,,,,,,,,,,,,,
social,contract,young,broken,inequality,control,government,must,step,anti,ageing,therapy,causing,sima,outlive,others,scientific,trial,elixir,life,bloo,,,,,,,,
none,,,,,,,,,,,,,,,,,,,,,,,,,,,,
bank,expected,raise,interest,rates,time,half,percentage,point,noon,today,weaker,economy,higher,inflation,bank,england,dilemma,head,described,shell,profits,last,year,,,,,
jamie,dimon,jeremy,siegel,experts,wall,street,weighed,odds,avoiding,recession,,,,,,,,,,,,,,,,,,
florida,canary,coal,mine,climate,change,long,time,residents,already,fleeing,scary,omen,rest,,,,,,,,,,,,,,,
sadiq,khan,free,school,meal,plan,ought,start,something,bigat,time,food,energy,prices,soaring,sadiq,khan,announcement,every,london,primary,school,pupil,free,school,meals,september,welcome,shift
none,,,,,,,,,,,,,,,,,,,,,,,,,,,,
strong,receipts,boosted,public,finances,last,month,inflation,drove,debt,repayment,costs,againoverall,national,debt,almost,january,increase,compared,year,earlier,share,economy,,,,,,
shopping,first,home,consider,best,housing,markets,first,time,buyers,,,,,,,,,,,,,,,,,,,
annington,property,launches,judicial,review,arguing,ministry,right,take,back,houses,disastrous,sell,offa,property,company,controlled,private,equity,tycoon,hands,started,court,battle,block,reversal,highly,,
home,prices,nudged,higher,november,pace,growth,slowed,rising,mortgage,rates,pushed,prospective,buyers,housing,market,late,last,year,,,,,,,,,,
housebuilder,reports,modest,uplift,reservations,homes,january,remains,cautiousbritain,largest,housebuilder,barratt,developments,reported,grounds,optimism,housing,market,increase,sales,january,,,,,,,,
insider,phil,rosen,explains,latest,housing,lumber,data,suggest,home,market,,,,,,,,,,,,,,,,,,
contracts,previously,owned,homes,increased,first,time,seven,months,december,mortgage,rates,declined,another,hopeful,sign,embattled,housing,market,starting,stabilize,,,,,,,,
mortgage,rates,slipped,softer,rate,hike,week,sign,conditions,housing,market,easing,slightly,,,,,,,,,,,,,,,,
pandemic,boom,town,phoenix,poster,child,housing,downturn,numerous,indicators,point,peril,real,estate,market,,,,,,,,,,,,,,
falling,mortgage,rates,provided,boost,housing,market,buyers,able,find,affordability,thanks,today,lower,rates,,,,,,,,,,,,,,
dave,liniger,founded,remax,brokerage,real,estate,agents,expects,housing,market,cool,,,,,,,,,,,,,,,,,
housing,market,veteran,jeff,taylor,told,insider,expects,trading,volume,real,estate,sector,track,fall,year,,,,,,,,,,,,,
rolling,coverage,latest,economic,financial,news,housebuilder,barratt,says,economic,backdrop,clearly,challenging,households,suffer,blow,finances,year,says,report,charlie,huggins,head,equities,,,,,
property,asking,prices,rose,february,weakest,gain,record,rightmove,reports,sellers,realistic,property,worth,loss,nearly,retail,jobs,brutal,start,report,says,demand,,,,,,
time,year,samsung,trots,latest,flagship,lineup,smartphones,annual,wintertime,unpacked,event,year,galaxy,flagships,merely,incremental,updates,samsung,smartphone,portfolio,still,quite,,,,,,
bursting,global,housing,bubble,likely,painful,economic,knock,effect,decline,equities,grantham,said,,,,,,,,,,,,,,,,
single,family,home,price,growth,cooled,november,surveys,showed,tuesday,together,declining,mortgage,rates,could,help,slow,housing,market,slide,deeper,recession,,,,,,,
time,start,worrying,rolling,recessions,tech,housing,spread,parts,economy,,,,,,,,,,,,,,,,,,,
homes,sitting,market,days,purchased,around,less,original,list,price,,,,,,,,,,,,,,,,,,,
homes,lost,value,marking,largest,june,december,drop,percentage,terms,since,according,redfin,,,,,,,,,,,,,,,,
typical,francisco,homeowner,still,paying,month,homes,even,mortgage,rates,peaked,october,,,,,,,,,,,,,,,,,
housing,companies,blocked,development,work,unless,agree,cladding,removal,repairs,unsafe,multi,storey,buildings,bill,totalling,billion,pounds,billion,british,government,said,monday,,,,,,
vail,colorado,expensive,housing,burdening,people,small,business,owners,teachers,solutions,dwindle,,,,,,,,,,,,,,,,,
mortgage,rates,dropped,past,months,holding,steady,today,rates,likely,continue,fall,inflation,cools,,,,,,,,,,,,,,,
people,paying,month,rent,explore,options,could,help,housing,coststhe,cost,renting,home,soared,prompting,tenants,seek,cheaper,options,could,save,thousands,pounds,year,cost,,,,
authorities,french,capital,also,want,affordable,housing,working,middle,class,familiesparis,authorities,proposed,combat,population,drain,french,capital,pushing,higher,taxes,second,home,owners,introducing,,,,
remote,work,emptied,downtowns,across,space,could,used,create,desperately,needed,affordable,housing,lack,affordable,housing,emptying,many,downtowns,doctors,might,call,comorbidities,different,,,,,
steps,change,unfair,landscape,include,ending,right,taxing,residential,property,today,prices,building,vital,social,housing,housing,policy,killing,british,civilisation,said,interlocutor,right,social,catastrophe,,,
federal,reserve,continues,inflation,fighting,tightrope,market,moves,suggest,investors,feeling,ease,central,bank,actions,necessarily,good,thing,,,,,,,,,,,
home,prices,going,across,country,aggregate,looking,individual,markets,however,showing,prices,fallen,year,,,,,,,,,,,,,,,
arrivals,welcomed,housed,manhattan,hotel,upon,arrival,warehoused,frigid,corner,brooklynalejandro,landaeta,walking,local,store,grab,lunch,stepped,brooklyn,warehouse,,,,,,,,,
christian,ogata,home,builder,offered,mortgage,rate,first,year,loan,trend,becoming,common,real,estate,market,,,,,,,,,,,,,
british,house,prices,dropped,bigger,expected,january,peak,august,following,surge,borrowing,costs,broader,inflation,pressures,mortgage,lender,nationwide,building,society,said,wednesday,,,,,,
think,improvement,attests,ongoing,desire,homeownership,exists,country,pultegroup,ryan,marshall,said,,,,,,,,,,,,,,,,,
francisco,york,slumping,pandemic,boom,fizzles,migration,florida,boosted,miami,,,,,,,,,,,,,,,,,,,
insider,phil,rosen,breaks,stocks,could,stage,rally,meaning,bullish,bond,market,metric,,,,,,,,,,,,,,,,
tiny,home,craze,taking,golden,state,could,spread,across,america,lawmakers,ponder,benefits,accessory,dwelling,units,,,,,,,,,,,,,
market,veteran,yardeni,said,need,spark,recession,ease,consumer,price,pressures,urging,central,bank,relax,policy,,,,,,,,,,,,,
amid,debate,happening,housing,market,options,grip,mortgage,price,according,experts,probably,feel,like,staring,barrel,much,higher,monthly,payments,,,,,,,,,
none,,,,,,,,,,,,,,,,,,,,,,,,,,,,
insider,phil,rosen,speaks,experts,federal,reserve,rate,hike,could,impact,stocks,market,volatility,,,,,,,,,,,,,,,
demand,homes,gone,throughout,country,particularly,certain,places,seattle,tampa,florida,,,,,,,,,,,,,,,,,,
signs,tanking,inflation,everywhere,finally,starting,acknowledge,fundstrat,said,,,,,,,,,,,,,,,,,,,,
homeless,charity,fight,rent,arrears,adds,property,funds,woes,including,rising,interest,rates,sceptical,investorsmatt,fearnley,charity,owes,almost,rent,landlord,bill,likely,keep,growing,unless,long,list,
least,million,people,plan,real,estate,markets,shown,significant,resilience,home,prices,decline,nationwide,,,,,,,,,,,,,,,
protections,impact,million,households,come,time,demand,rental,units,near,time,high,,,,,,,,,,,,,,,,,
none,,,,,,,,,,,,,,,,,,,,,,,,,,,,
bizarre,rental,system,helping,,,,,,,,,,,,,,,,,,,,,,,,,
refinance,rates,mixed,rate,ticked,interest,rate,hikes,affected,refinance,market,,,,,,,,,,,,,,,,,,
several,benchmark,refinance,rates,last,week,interest,rate,hikes,affected,refinance,market,,,,,,,,,,,,,,,,,
country,biggest,landlords,billion,investment,firm,primarily,increased,efforts,evict,tenants,georgia,florida,,,,,,,,,,,,,,,,
annual,house,price,growth,slows,federal,reserve,expected,raise,rates,markets,wonder,whether,pausegood,morning,welcome,rolling,coverage,business,world,economy,financial,markets,,,,,,
blaming,housing,crisis,hedge,funds,private,equity,easy,dead,wrong,,,,,,,,,,,,,,,,,,,
federal,reserve,chairman,jerome,powell,said,wednesday,fully,sure,central,bank,stop,rate,rises,presses,forward,efforts,cool,inflation,,,,,,,,,,
gold,price,jumps,chair,powell,talks,disinflation,warns,early,declare,victory,kitco,news,federal,reserve,hikes,interest,rate,signals,come,news,stock,market,live,news,upda,,,
property,market,defied,gravity,years,analysts,rising,mortgage,rates,mirror,price,crashbritain,estate,agents,normally,radiate,optimism,watching,anxiously,noon,next,thursday,bank,england,expect,,,,
announced,three,winners,european,social,innovation,competition,eusic,seeks,find,pioneering,solutions,societal,challenges,challenge,named,future,living,designed,attract,participants,advan,,,,,,,
small,midsize,rural,communities,biggest,increases,home,prices,first,years,pandemic,driven,town,buyers,,,,,,,,,,,,,,,
homebuilders,january,momentum,proves,sustainable,many,lumber,suppliers,could,caught,flat,footed,raymond,james,said,,,,,,,,,,,,,,
mother,three,struggle,clarion,reflects,system,rigged,favour,asset,owners,renters,abandonedyou,read,grim,facts,chanel,sultan,life,minute,first,talk,dreams,like,degree,,,,,
refinance,rates,mixed,week,rate,tapered,interest,rate,hikes,affected,refinance,market,,,,,,,,,,,,,,,,,
india,government,provide,incentives,urban,civic,bodies,improve,finances,credit,worthiness,help,raise,funds,municipal,bonds,finance,minister,said,wednesday,,,,,,,,,
sweden,banks,highly,exposed,commercial,real,estate,sector,makes,main,risk,financial,stability,central,bank,governor,erik,thedeen,told,parliament,finance,committee,regular,testimony,,,,,
home,depot,expects,flat,sales,slimmer,profits,year,rising,prices,higher,borrowing,costs,portfolio,pain,erode,demand,,,,,,,,,,,,
mortgage,rates,remain,today,rates,continue,fall,homebuyers,likely,start,enter,market,,,,,,,,,,,,,,,,,
freeze,replaced,solutions,housing,crisis,work,need,permanentdundee,sometimes,troubled,often,picturesque,city,scotland,east,coast,generally,carried,reputation,affordability,even,,,,,,,,
markets,rallied,year,investors,believe,inflation,continue,ease,economy,avoid,recession,could,tears,,,,,,,,,,,,,,,,
last,year,million,displaced,millions,follow,neither,government,housing,market,readyover,past,decade,experienced,succession,monumental,climate,disasters,hurricanes,obliterated,,,,,,,,,
black,swan,author,nassim,taleb,hedge,fund,long,predicted,crash,warning,rising,debt,levels,pose,timebomb,markets,,,,,,,,,,,,
corner,cutting,contractors,sold,buildings,safe,collapsed,culpable,officials,offered,permits,controlsthe,death,toll,devastating,earthquakes,turkey,syria,surpassed,tens,thousands,,,,,,,,
river,nice,believe,stock,market,ethical,help,clients,discover,harm,reducing,techniques,lead,ethical,investments,,,,,,,,,,,,,,
interest,rate,buydowns,come,reduced,profit,sellers,worthwhile,unpredictable,real,estate,market,,,,,,,,,,,,,,,,,
insider,phil,rosen,explains,bond,market,giving,positive,vibes,rest,year,,,,,,,,,,,,,,,,,,
bear,markets,historically,resulted,leadership,change,suggests,economy,sectors,likely,winners,cycle,,,,,,,,,,,,,,,,,
effect,prices,first,months,people,upset,jeremy,siegel,said,tuesday,inflation,report,,,,,,,,,,,,,,,,,
inflation,print,would,likely,pull,yields,lower,along,dollar,boost,risk,assets,jpmorgan,said,,,,,,,,,,,,,,,
federal,reserve,href,markets,rates,bonds,expected,deliver,small,rate,hike,keep,anti,inflation,tilt,raised,target,interest,rate,quarter,percentage,point,wednesday,continued,promise,ongoing,increases,,
federal,reserve,policy,based,trust,central,bank,ability,maintain,stable,prices,depends,public,confidence,deliver,year,interest,rate,hikes,attempts,cool,economy,prices,still,rising,,,,
experts,sounding,alarm,stocks,economy,rising,interest,rates,heap,pressure,asset,prices,demand,,,,,,,,,,,,,,,,
martin,lyster,suggests,dismantling,mechanisms,concentrate,wealth,naomi,roberts,calls,taxes,include,modestly,richyour,editorial,january,calls,wealth,taxes,address,extreme,inequality,sticking,plaster,,,,,
florida,canary,coal,mine,climate,change,long,time,residents,already,fleeing,scary,omen,rest,,,,,,,,,,,,,,,
none,,,,,,,,,,,,,,,,,,,,,,,,,,,,
home,prices,declining,pandemic,melt,news,current,real,estate,investors,good,news,prospective,ones,,,,,,,,,,,,,,,
none,,,,,,,,,,,,,,,,,,,,,,,,,,,,
jeremy,siegel,stood,forecast,stock,price,could,soar,upwards,year,even,economy,enters,mild,recession,,,,,,,,,,,,,,
none,,,,,,,,,,,,,,,,,,,,,,,,,,,,
rolling,coverage,latest,economic,financial,news,treasury,committee,prepares,quiz,officials,morning,property,demand,declines,house,prices,england,fall,sunak,expand,free,childcare,tackle,workforce,,,,
financial,markets,week,latched,federal,reserve,chair,jerome,powell,called,welcome,disinflation,betting,signals,central,bank,high,inflation,nearing,,,,,,,,,,
renewable,strong,steel,astonishingly,fireproof,easy,quiet,build,could,timber,construction,save,planet,step,inside,revolutionary,london,workplace,everyone,wants,touchthere,little,,,,,,,
consumer,spending,fell,december,putting,economy,lower,growth,path,heading,inflation,continued,subside,could,give,federal,reserve,room,slow,pace,interest,rate,hikes,next,week,,,,
company,million,state,program,build,tiny,home,shelters,long,beach,california,,,,,,,,,,,,,,,,,,
none,,,,,,,,,,,,,,,,,,,,,,,,,,,,
minutes,centre,italy,visited,cities,sant,ambrogio,district,managed,stay,tourist,radar,locals,market,square,tell,makes,specialthe,florentine,neighbourhood,sant,ambrogio,,,,,,,
bank,england,poised,raise,interest,rates,time,thursday,keep,fight,rampant,inflation,might,also,drop,hint,steep,climb,borrowing,costs,,,,,,,,,
investors,bought,billion,phoenix,properties,backing,leaving,opportunities,regular,people,,,,,,,,,,,,,,,,,,,
insider,phil,rosen,sits,media,personality,chairman,leary,ventures,talk,investment,openai,,,,,,,,,,,,,,,,,
region,popularity,seen,surge,sending,real,estate,prices,soaring,pushing,locals,,,,,,,,,,,,,,,,,,
insider,phil,rosen,compares,enthusiasm,meme,stock,mania,explains,latest,comments,,,,,,,,,,,,,,,,,,
proposes,turn,california,zoning,system,something,like,japan,days,,,,,,,,,,,,,,,,,,,,
worst,seen,kwajo,tweneboa,said,visit,york,city,,,,,,,,,,,,,,,,,,,,,
jamie,dimon,jeremy,siegel,experts,wall,street,weighed,odds,avoiding,recession,,,,,,,,,,,,,,,,,,
build,rent,becoming,increasingly,popular,good,tips,make,build,rent,perfect,passive,income,stream,,,,,,,,,,,,,,,
none,,,,,,,,,,,,,,,,,,,,,,,,,,,,
